epoch,batch,train_loss,train_acc,val_loss,val_acc
0,0,0.693247377872467,0.48,,
0,1,0.6604331135749817,0.84,,
0,2,0.6280402541160583,0.85,,
0,3,0.6082394123077393,0.82,,
0,4,0.553692102432251,0.9,,
0,5,0.530133843421936,0.89,,
0,6,0.5405312180519104,0.83,,
0,7,0.5167645215988159,0.84,,
0,8,0.4857449233531952,0.86,,
