epoch,batch,train_loss,train_acc,val_loss,val_acc
0,0,0.6314716339111328,0.65,,
0,1,0.5993715524673462,0.8,,
0,2,0.5322922468185425,0.86,,
