epoch,batch,train_loss,train_acc,val_loss,val_acc
0,0,0.7621928453445435,0.39,,
0,1,0.7147461175918579,0.46,,
0,2,0.6948010325431824,0.56,,
0,3,0.6986616253852844,0.5,,
0,4,0.6471986174583435,0.65,,
0,5,0.7003154158592224,0.49,,
0,6,0.6383780837059021,0.59,,
0,7,0.6884250044822693,0.47,,
0,8,0.6605697870254517,0.6,,
