epoch,batch,train_loss,train_acc,val_loss,val_acc
0,0,0.6931762099266052,0.49,,
0,1,0.6603273153305054,0.84,,
0,2,0.6282177567481995,0.85,,
0,3,0.6086789965629578,0.82,,
0,4,0.5535876750946045,0.9,,
0,5,0.5299630761146545,0.89,,
0,6,0.5405110120773315,0.83,,
0,7,0.5168005228042603,0.84,,
0,8,0.4856865406036377,0.86,,
