epoch,batch,train_loss,train_acc,val_loss,val_acc
0,0,0.7030987739562988,0.48,,
0,1,0.6905239820480347,0.53,,
0,2,0.6848428249359131,0.55,,
0,3,0.6967929005622864,0.51,,
0,4,0.6656593084335327,0.61,,
0,5,0.7154162526130676,0.47,,
0,6,0.6813885569572449,0.55,,
0,7,0.7159228324890137,0.4,,
0,8,0.6940178871154785,0.44,,
