epoch,batch,train_loss,train_acc,val_loss,val_acc
0,0,0.6135566234588623,0.86,,
0,1,0.5542788505554199,0.86,,
0,2,0.5036987662315369,0.87,,
