epoch,batch,train_loss,train_acc,val_loss,val_acc
0,0,0.6921956539154053,0.54,,
0,1,0.6899620890617371,0.52,,
0,2,0.6909644603729248,0.49,,
0,3,0.6842314004898071,0.53,,
0,4,0.6808993816375732,0.53,,
0,5,0.6822543144226074,0.42,,
0,6,0.668704092502594,0.95,,
