epoch,batch,train_loss,train_acc,val_loss,val_acc
0,0,0.6919034719467163,0.56,,
0,1,0.6739205718040466,0.61,,
0,2,0.7086533904075623,0.5,,
0,3,0.736135721206665,0.41,,
0,4,0.7004115581512451,0.48,,
0,5,0.6916654706001282,0.48,,
0,6,0.685437023639679,0.48,,
