epoch,batch,train_loss,train_acc,val_loss,val_acc
0,0,0.6939141750335693,0.29,,
0,1,0.6918350458145142,0.52,,
0,2,0.6944184899330139,0.49,,
0,3,0.6886619329452515,0.53,,
0,4,0.6877904534339905,0.53,,
0,5,0.6915249824523926,0.41,,
0,6,0.6832057237625122,0.97,,
0,7,0.6812703013420105,1.0,,
0,8,0.6754565238952637,0.98,,
0,9,0.6699163913726807,0.6,,
