epoch,batch,train_loss,train_acc,val_loss,val_acc
0,0,0.6924893260002136,0.59,,
0,1,0.6903839111328125,0.49,,
0,2,0.6784551739692688,0.59,,
0,3,0.6713650226593018,0.59,,
0,4,0.6700088381767273,0.63,,
0,5,0.6733962893486023,0.54,,
