epoch,batch,train_loss,train_acc,val_loss,val_acc
0,0,0.7471661567687988,0.17,,
0,1,0.6615728735923767,0.74,,
0,2,0.6029490828514099,0.87,,
