epoch,batch,train_loss,train_acc,val_loss,val_acc
0,0,0.6942155957221985,0.13,,
0,1,0.6920378804206848,0.52,,
0,2,0.6948187351226807,0.49,,
0,3,0.6895670294761658,0.53,,
0,4,0.6891282796859741,0.53,,
0,5,0.6932021975517273,0.41,,
0,6,0.6875032186508179,1.0,,
0,7,0.6870771050453186,0.46,,
0,8,0.6847785711288452,0.94,,
0,9,0.6798776388168335,0.61,,
