epoch,batch,train_loss,train_acc,val_loss,val_acc
0,0,0.6940377950668335,0.15,,
0,1,0.6923792958259583,0.52,,
0,2,0.6952435374259949,0.49,,
0,3,0.6896637082099915,0.53,,
0,4,0.6891553997993469,0.53,,
0,5,0.693152904510498,0.41,,
0,6,0.6869260668754578,1.0,,
0,7,0.6858823299407959,0.5,,
0,8,0.6833385229110718,0.96,,
0,9,0.6781163215637207,0.62,,
