epoch,batch,train_loss,train_acc,val_loss,val_acc
0,0,0.6930195689201355,0.55,,
0,1,0.6603532433509827,0.84,,
0,2,0.6280698776245117,0.85,,
0,3,0.6083115339279175,0.82,,
0,4,0.5536578893661499,0.9,,
0,5,0.5299769639968872,0.89,,
0,6,0.5403915643692017,0.83,,
0,7,0.5168783068656921,0.84,,
0,8,0.48570916056632996,0.86,,
