epoch,batch,train_loss,train_acc,val_loss,val_acc
0,0,0.6880455613136292,0.52,,
0,1,0.6817247271537781,0.61,,
0,2,0.6705105304718018,0.73,,
0,3,0.6657861471176147,0.74,,
0,4,0.648608386516571,0.69,,
0,5,0.6542829275131226,0.66,,
