epoch,batch,train_loss,train_acc,val_loss,val_acc
0,0,0.7157213091850281,0.31,,
0,1,0.6974895000457764,0.48,,
0,2,0.6875486969947815,0.59,,
0,3,0.6849484443664551,0.56,,
0,4,0.6670535802841187,0.62,,
