epoch,batch,train_loss,train_acc,val_loss,val_acc
0,0,0.6135593056678772,0.86,,
0,1,0.5542774200439453,0.86,,
0,2,0.5036985874176025,0.87,,
