epoch,batch,train_loss,train_acc,val_loss,val_acc
0,0,0.6315898299217224,0.65,,
0,1,0.5994766354560852,0.8,,
0,2,0.5324277281761169,0.86,,
0,3,0.48404785990715027,0.88,,
