epoch,batch,train_loss,train_acc,val_loss,val_acc
0,0,0.6924418807029724,0.53,,
0,1,0.6894550919532776,0.52,,
0,2,0.690778911113739,0.49,,
0,3,0.6845359802246094,0.53,,
0,4,0.681713879108429,0.53,,
0,5,0.684089183807373,0.41,,
0,6,0.6717829704284668,0.98,,
0,7,0.6673092842102051,0.94,,
