epoch,batch,train_loss,train_acc,val_loss,val_acc
0,0,0.6879733204841614,0.52,,
0,1,0.6816322207450867,0.61,,
0,2,0.6702715158462524,0.73,,
0,3,0.6655951142311096,0.73,,
0,4,0.6483075022697449,0.7,,
0,5,0.654193103313446,0.66,,
0,6,0.6227993965148926,0.69,,
0,7,0.6516432166099548,0.67,,
0,8,0.6517719030380249,0.68,,
