epoch,batch,train_loss,train_acc,val_loss,val_acc
0,0,0.7031152248382568,0.48,,
0,1,0.6905487179756165,0.53,,
0,2,0.6848577857017517,0.55,,
0,3,0.6968165636062622,0.51,,
0,4,0.6656611561775208,0.61,,
