epoch,batch,train_loss,train_acc,val_loss,val_acc
0,0,0.6942477226257324,0.45,,
0,1,0.6930010914802551,0.52,,
0,2,0.6961503028869629,0.49,,
0,3,0.6913414001464844,0.53,,
0,4,0.6917595863342285,0.53,,
0,5,0.6959272623062134,0.41,,
0,6,0.6922528743743896,0.71,,
0,7,0.6923982501029968,0.46,,
0,8,0.6945598125457764,0.38,,
0,9,0.6894262433052063,0.69,,
0,10,0.6889292001724243,0.52,,
0,11,0.6824334859848022,0.55,,
0,12,0.6839420795440674,0.52,,
0,13,0.673358142375946,0.59,,
