epoch,batch,train_loss,train_acc,val_loss,val_acc
0,0,0.6922494769096375,0.56,,
0,1,0.6750684976577759,0.61,,
0,2,0.7096050381660461,0.5,,
0,3,0.7379093766212463,0.41,,
0,4,0.703125,0.48,,
0,5,0.6947451233863831,0.48,,
0,6,0.6894047260284424,0.48,,
