epoch,batch,train_loss,train_acc,val_loss,val_acc
0,0,0.6940740942955017,0.44,,
0,1,0.6825914978981018,0.61,,
0,2,0.6966740489006042,0.5,,
0,3,0.7206773161888123,0.41,,
0,4,0.7004808187484741,0.48,,
