epoch,batch,train_loss,train_acc,val_loss,val_acc
0,0,0.6946302056312561,0.44,,
0,1,0.6833013892173767,0.61,,
0,2,0.6970565915107727,0.5,,
0,3,0.7209876775741577,0.41,,
