epoch,batch,train_loss,train_acc,val_loss,val_acc
0,0,0.693986177444458,0.47,,
0,1,0.6901319622993469,0.52,,
0,2,0.6918675899505615,0.49,,
0,3,0.682788074016571,0.53,,
0,4,0.6807336211204529,0.53,,
0,5,0.6873765587806702,0.41,,
0,6,0.6726987361907959,0.67,,
0,7,0.6695643663406372,0.82,,
0,8,0.6607913374900818,0.95,,
0,9,0.6611708998680115,0.61,,
0,10,0.6565327644348145,0.58,,
0,11,0.6463836431503296,0.59,,
0,12,0.6445788741111755,0.55,,
0,13,0.6202618479728699,0.59,,
