epoch,batch,train_loss,train_acc,val_loss,val_acc
0,0,0.6940762400627136,0.16,,
0,1,0.6923463344573975,0.52,,
0,2,0.6952245831489563,0.49,,
0,3,0.6897406578063965,0.53,,
0,4,0.6892530918121338,0.53,,
0,5,0.6932626962661743,0.41,,
0,6,0.6873522996902466,0.99,,
0,7,0.6864446997642517,0.46,,
0,8,0.6839540004730225,0.96,,
0,9,0.6789844632148743,0.62,,
