epoch,batch,train_loss,train_acc,val_loss,val_acc
0,0,0.6935381889343262,0.42,,
0,1,0.6923380494117737,0.52,,
0,2,0.6962602734565735,0.49,,
0,3,0.691459059715271,0.53,,
