epoch,batch,train_loss,train_acc,val_loss,val_acc
0,0,0.6931133270263672,0.51,,
0,1,0.6908214688301086,0.52,,
0,2,0.6931220889091492,0.49,,
0,3,0.686867892742157,0.53,,
0,4,0.6843960285186768,0.53,,
