epoch,batch,train_loss,train_acc,val_loss,val_acc
0,0,0.6931775808334351,0.45,,
0,1,0.6606810092926025,0.84,,
0,2,0.6283569931983948,0.85,,
0,3,0.6085253357887268,0.82,,
0,4,0.5535010695457458,0.9,,
0,5,0.5300235748291016,0.89,,
0,6,0.5404177308082581,0.83,,
0,7,0.5167591571807861,0.84,,
0,8,0.4858751595020294,0.86,,
