epoch,batch,train_loss,train_acc,val_loss,val_acc
0,0,0.7039468288421631,0.48,,
0,1,0.6909234523773193,0.51,,
0,2,0.6867653727531433,0.55,,
0,3,0.6979739665985107,0.51,,
0,4,0.6695945858955383,0.61,,
