epoch,batch,train_loss,train_acc,val_loss,val_acc
0,0,0.6931260824203491,0.5,,
0,1,0.6602033972740173,0.84,,
0,2,0.6273844242095947,0.85,,
0,3,0.6076133251190186,0.82,,
0,4,0.5523938536643982,0.9,,
0,5,0.5276101231575012,0.89,,
0,6,0.538307785987854,0.83,,
0,7,0.5124365091323853,0.84,,
0,8,0.48162269592285156,0.86,,
