epoch,batch,train_loss,train_acc,val_loss,val_acc
0,0,0.6930770874023438,0.52,,
0,1,0.6603205800056458,0.84,,
0,2,0.6282345652580261,0.85,,
0,3,0.608496904373169,0.82,,
0,4,0.5535538196563721,0.9,,
0,5,0.5300905108451843,0.89,,
0,6,0.5404802560806274,0.83,,
0,7,0.5168327689170837,0.84,,
0,8,0.4859037399291992,0.86,,
