epoch,batch,train_loss,train_acc,val_loss,val_acc
0,0,0.7471120953559875,0.17,,
0,1,0.6615986824035645,0.74,,
0,2,0.6029468178749084,0.87,,
