epoch,batch,train_loss,train_acc,val_loss,val_acc
0,0,0.6921215653419495,0.62,,
0,1,0.6888397336006165,0.52,,
0,2,0.690474271774292,0.49,,
0,3,0.68180251121521,0.53,,
0,4,0.678260087966919,0.53,,
0,5,0.679340124130249,0.41,,
0,6,0.6625285148620605,0.99,,
0,7,0.6562706828117371,0.94,,
0,8,0.6452335119247437,0.97,,
0,9,0.6394528746604919,0.9,,
0,10,0.6371769905090332,0.8,,
0,11,0.6194504499435425,0.72,,
0,12,0.6150182485580444,0.77,,
